[{"name":"Rosie","major":"CIT","midterm":88,"final":87},{"name":"Bruce","major":"CIT","midterm":68,"final":87},{"name":"Carol","major":"BUS","midterm":75,"final":87},{"name":"David","major":"CIT","midterm":85,"final":77},{"name":"Ellen","major":"CIT","midterm":98,"final":77},{"name":"Frank","major":"BUS","midterm":53,"final":61},{"name":"Grady","major":"BUS","midterm":93,"final":92},{"name":"Hanna","major":"BUS","midterm":88,"final":56},{"name":"Irene","major":"CIT","midterm":79,"final":64},{"name":"Jacky","major":"CIT","midterm":89,"final":80},{"name":"Karen","major":"CIT","midterm":85,"final":70},{"name":"Lamar","major":"BUS","midterm":73,"final":77},{"name":"Mable","major":"CIT","midterm":74,"final":70},{"name":"Nancy","major":"CIT","midterm":40,"final":82},{"name":"Ohmar","major":"CIT","midterm":70,"final":93},{"name":"Chuck","major":"BUS","midterm":80,"final":54},{"name":"Paula","major":"BUS","midterm":88,"final":61},{"name":"Quint","major":"CIT","midterm":99,"final":80},{"name":"Ronda","major":"CIT","midterm":71,"final":77},{"name":"Sammy","major":"CIT","midterm":98,"final":99}]